country_year,date,subgroup,whoreg6,Population using basic sanitation services (%),Population using limited sanitation services (%),Population practising open defecation (%),Population using unimproved sanitation services (%),Population using basic drinking water services (%),Population using limited drinking water services (%),Population using surface water (%),Population using safely managed drinking water services (%),Population using unimproved drinking water services (%),Population using basic hygiene services (%),Population using limited hygiene services (%),Population with no hygiene services (%),fetal_mortality_country_avergage
Afghanistan_2005,2005,Rural,Eastern Mediterranean,27,7,23,43,36,5,22,15,37,36,25,39,109
Afghanistan_2006,2006,Rural,Eastern Mediterranean,29,7,22,42,39,5,21,16,36,36,25,39,105
Afghanistan_2007,2007,Rural,Eastern Mediterranean,30,8,21,41,41,5,20,17,34,36,25,39,101
Afghanistan_2008,2008,Rural,Eastern Mediterranean,32,8,20,40,44,5,19,17,33,37,25,39,96
Afghanistan_2009,2009,Rural,Eastern Mediterranean,34,8,19,39,46,5,18,18,31,37,25,38,92
Afghanistan_2010,2010,Rural,Eastern Mediterranean,35,9,18,38,49,5,17,19,29,38,27,36,88
Afghanistan_2011,2011,Rural,Eastern Mediterranean,37,9,17,36,51,5,16,20,28,38,28,33,85
Afghanistan_2012,2012,Rural,Eastern Mediterranean,39,9,17,35,54,4,15,21,26,39,30,31,81
Afghanistan_2013,2013,Rural,Eastern Mediterranean,41,9,16,34,57,4,14,22,25,40,31,28,78
Afghanistan_2014,2014,Rural,Eastern Mediterranean,42,10,15,33,60,4,13,23,23,41,33,26,75
Afghanistan_2015,2015,Rural,Eastern Mediterranean,44,10,14,32,62,4,12,24,21,42,35,23,73
Afghanistan_2016,2016,Rural,Eastern Mediterranean,46,10,13,31,65,4,11,25,20,43,36,21,70
Afghanistan_2017,2017,Rural,Eastern Mediterranean,47,10,12,30,68,3,11,26,18,44,38,18,68
Afghanistan_2018,2018,Rural,Eastern Mediterranean,49,11,12,28,71,3,10,27,17,45,40,16,66
Algeria_2007,2007,Rural,African,86,8,4,2,92,5,0,74,3,83,7,10,31
Algeria_2008,2008,Rural,African,87,8,3,2,92,5,0,74,3,83,7,10,30
Algeria_2009,2009,Rural,African,87,8,3,3,92,5,0,75,2,83,7,10,29
Algeria_2010,2010,Rural,African,87,8,3,3,92,5,0,75,2,83,7,10,28
Algeria_2011,2011,Rural,African,87,8,2,3,93,5,0,75,2,83,7,10,27
Algeria_2012,2012,Rural,African,87,8,2,3,93,5,0,76,2,84,7,9,27
Algeria_2013,2013,Rural,African,87,8,2,3,93,5,0,76,2,84,8,9,26
Algeria_2014,2014,Rural,African,87,9,1,3,93,5,0,77,1,84,8,8,26
Algeria_2015,2015,Rural,African,87,9,1,3,93,5,0,77,1,84,9,7,25
Algeria_2016,2016,Rural,African,87,9,1,3,94,5,0,76,1,84,9,7,25
Algeria_2017,2017,Rural,African,86,10,1,3,94,5,0,76,1,84,9,6,24
Algeria_2018,2018,Rural,African,86,10,0,3,94,5,0,75,1,84,10,6,24
Azerbaijan_2009,2009,Rural,European,82,5,0,13,85,4,5,64,6,89,9,2,40
Azerbaijan_2010,2010,Rural,European,85,4,0,11,86,4,5,65,6,89,9,2,38
Azerbaijan_2011,2011,Rural,European,87,4,0,9,87,3,4,66,5,89,9,2,35
Azerbaijan_2012,2012,Rural,European,90,3,0,7,89,3,4,66,5,89,9,2,33
Azerbaijan_2013,2013,Rural,European,92,3,0,5,90,2,3,67,5,89,9,2,31
Azerbaijan_2014,2014,Rural,European,94,3,0,3,91,1,3,67,4,89,9,2,28
Azerbaijan_2015,2015,Rural,European,96,3,0,1,93,1,2,68,4,89,9,2,27
Azerbaijan_2016,2016,Rural,European,96,3,0,1,93,1,2,68,4,89,9,2,25
Azerbaijan_2017,2017,Rural,European,96,3,0,1,94,1,1,69,4,89,9,2,23
Bangladesh_2005,2005,Rural,South-East Asia,32,16,12,40,96,1,2,55,1,20,65,15,64
Bangladesh_2006,2006,Rural,South-East Asia,34,17,11,38,96,1,2,55,1,20,65,15,61
Bangladesh_2007,2007,Rural,South-East Asia,36,17,10,37,96,1,2,55,1,20,65,15,58
Bangladesh_2008,2008,Rural,South-East Asia,37,18,9,36,96,1,2,55,1,21,65,15,55
Bangladesh_2009,2009,Rural,South-East Asia,39,19,8,34,96,1,2,55,1,21,65,15,52
Bangladesh_2010,2010,Rural,South-East Asia,41,19,7,33,97,1,1,55,1,24,62,14,49
Bangladesh_2011,2011,Rural,South-East Asia,42,20,6,32,97,1,1,55,1,28,59,13,47
Bangladesh_2012,2012,Rural,South-East Asia,44,20,6,30,97,1,1,55,1,31,56,12,44
Bangladesh_2013,2013,Rural,South-East Asia,45,21,5,29,97,1,1,56,1,35,54,11,42
Bangladesh_2014,2014,Rural,South-East Asia,47,21,4,28,97,1,1,56,1,38,51,11,40
Bangladesh_2015,2015,Rural,South-East Asia,49,22,3,26,97,1,1,56,1,42,48,10,39
Bangladesh_2016,2016,Rural,South-East Asia,50,23,2,25,97,1,1,57,0,45,46,9,37
Bangladesh_2017,2017,Rural,South-East Asia,52,23,1,24,98,1,1,57,0,48,43,8,35
Bangladesh_2018,2018,Rural,South-East Asia,53,24,0,22,98,1,1,58,0,52,41,8,34
Bhutan_2004,2004,Rural,South-East Asia,53,7,8,32,87,2,7,24,4,76,22,3,61
Bhutan_2005,2005,Rural,South-East Asia,55,7,7,31,88,2,7,25,4,76,22,2,57
Bhutan_2006,2006,Rural,South-East Asia,56,7,7,29,89,2,6,25,3,76,21,2,53
Bhutan_2007,2007,Rural,South-East Asia,58,8,6,28,90,2,5,25,3,76,21,2,50
Bhutan_2008,2008,Rural,South-East Asia,59,8,6,27,91,2,5,26,2,76,21,2,46
Bhutan_2009,2009,Rural,South-East Asia,61,8,5,26,92,2,4,26,2,78,20,2,43
Bhutan_2010,2010,Rural,South-East Asia,63,8,5,25,93,2,4,26,2,79,19,2,40
Bhutan_2011,2011,Rural,South-East Asia,64,8,4,23,94,2,3,30,1,81,18,2,38
Bhutan_2012,2012,Rural,South-East Asia,66,9,4,22,95,1,3,34,1,82,16,2,35
Bhutan_2013,2013,Rural,South-East Asia,67,9,3,21,96,1,2,38,1,83,15,1,34
Bhutan_2014,2014,Rural,South-East Asia,69,9,3,20,97,1,1,43,1,85,14,1,32
Bhutan_2015,2015,Rural,South-East Asia,70,9,2,19,97,1,1,47,0,86,13,1,31
Bhutan_2016,2016,Rural,South-East Asia,71,9,2,18,98,1,0,52,0,87,12,1,29
Bhutan_2017,2017,Rural,South-East Asia,73,9,1,17,99,1,0,57,0,88,11,1,28
Bhutan_2018,2018,Rural,South-East Asia,74,10,1,16,99,1,0,61,0,90,10,1,27
Cambodia_2008,2008,Rural,Western Pacific,32,5,60,3,63,2,19,21,16,60,15,25,51
Cambodia_2009,2009,Rural,Western Pacific,35,6,56,3,65,3,18,21,15,61,15,24,47
Cambodia_2010,2010,Rural,Western Pacific,38,6,53,3,66,3,17,22,14,61,15,24,44
Cambodia_2011,2011,Rural,Western Pacific,41,6,49,3,67,4,16,23,13,61,15,24,41
Cambodia_2012,2012,Rural,Western Pacific,44,7,46,3,68,4,15,23,12,61,15,24,38
Cambodia_2013,2013,Rural,Western Pacific,48,7,42,3,69,5,15,24,11,63,14,23,35
Cambodia_2014,2014,Rural,Western Pacific,51,7,39,3,70,6,14,24,10,66,13,21,33
Cambodia_2015,2015,Rural,Western Pacific,54,7,35,3,71,6,13,25,9,68,12,20,32
Cambodia_2016,2016,Rural,Western Pacific,57,7,32,4,72,7,12,26,8,70,12,18,30
Cambodia_2017,2017,Rural,Western Pacific,60,8,28,4,73,8,11,26,7,72,11,17,29
Cambodia_2018,2018,Rural,Western Pacific,64,8,25,4,74,8,11,27,7,75,10,15,28
Central African Republic_2004,2004,Rural,African,20,9,23,47,54,12,6,8,28,16,3,81,152
Central African Republic_2005,2005,Rural,African,20,10,24,47,53,13,6,8,28,16,3,81,149
Central African Republic_2006,2006,Rural,African,20,10,24,47,52,14,6,8,29,16,3,81,144
Central African Republic_2007,2007,Rural,African,19,11,24,46,51,14,6,8,29,16,3,81,140
Central African Republic_2008,2008,Rural,African,19,11,24,46,50,15,5,7,30,16,3,81,136
Central African Republic_2009,2009,Rural,African,18,11,24,46,49,16,5,7,30,16,4,79,132
Central African Republic_2010,2010,Rural,African,18,12,24,46,48,17,5,7,30,17,5,78,129
Central African Republic_2011,2011,Rural,African,18,12,24,46,47,18,5,7,31,17,6,77,125
Central African Republic_2012,2012,Rural,African,17,13,24,46,45,19,5,7,31,18,7,75,122
Central African Republic_2013,2013,Rural,African,17,13,25,46,44,20,5,7,31,18,8,74,120
Central African Republic_2014,2014,Rural,African,16,13,25,46,43,20,4,7,32,18,9,72,118
Central African Republic_2015,2015,Rural,African,16,14,25,46,42,21,4,7,32,19,10,71,115
Central African Republic_2016,2016,Rural,African,16,14,25,45,41,22,4,7,32,19,11,69,112
Central African Republic_2017,2017,Rural,African,15,15,25,45,40,23,4,6,33,20,12,68,110
Central African Republic_2018,2018,Rural,African,15,15,25,45,39,24,4,6,33,20,13,66,108
Chad_2004,2004,Rural,African,10,5,70,15,41,11,7,6,41,15,20,65,170
Chad_2005,2005,Rural,African,10,5,70,16,42,11,7,6,40,15,20,65,167
Chad_2006,2006,Rural,African,10,5,69,16,42,11,7,6,40,15,20,65,163
Chad_2007,2007,Rural,African,10,5,69,16,43,11,7,6,39,15,20,65,159
Chad_2008,2008,Rural,African,10,5,68,16,43,11,7,6,38,15,20,65,156
Chad_2009,2009,Rural,African,10,5,68,16,44,12,7,6,37,16,21,63,152
Chad_2010,2010,Rural,African,11,5,68,17,45,12,7,6,37,16,22,61,148
Chad_2011,2011,Rural,African,11,5,67,17,45,12,7,6,36,17,23,60,144
Chad_2012,2012,Rural,African,11,5,67,17,46,12,7,6,35,18,24,58,140
Chad_2013,2013,Rural,African,11,5,66,17,46,12,7,6,34,19,25,56,136
Chad_2014,2014,Rural,African,11,5,66,17,47,12,7,6,34,20,25,55,132
Chad_2015,2015,Rural,African,11,5,66,18,48,12,7,6,33,21,26,53,129
Chad_2016,2016,Rural,African,12,5,65,18,48,12,7,6,32,22,27,51,125
Chad_2017,2017,Rural,African,12,5,65,18,49,12,7,6,31,23,28,49,121
Chad_2018,2018,Rural,African,12,5,64,18,50,12,7,6,31,24,29,48,117
Colombia_2011,2011,Rural,Americas,85,8,5,2,95,0,2,72,2,68,4,27,18
Colombia_2012,2012,Rural,Americas,86,8,5,1,95,0,2,72,2,69,4,27,17
Colombia_2013,2013,Rural,Americas,87,7,4,1,96,0,2,72,2,69,4,27,17
Colombia_2014,2014,Rural,Americas,88,7,4,1,96,0,2,72,2,69,4,27,16
Colombia_2015,2015,Rural,Americas,89,6,4,1,96,0,2,73,2,69,4,27,16
Colombia_2016,2016,Rural,Americas,90,6,4,1,96,0,2,73,1,69,4,27,15
Colombia_2017,2017,Rural,Americas,90,5,4,1,97,0,2,73,1,69,4,27,15
Colombia_2018,2018,Rural,Americas,91,4,3,1,97,0,2,73,1,70,4,26,14
Congo_2011,2011,Rural,African,17,30,9,45,67,10,7,41,15,47,34,18,60
Congo_2012,2012,Rural,African,17,31,9,43,68,10,7,42,14,47,34,18,58
Congo_2013,2013,Rural,African,18,31,9,42,69,11,7,43,14,48,34,18,56
Congo_2014,2014,Rural,African,18,32,9,41,70,11,7,44,13,48,34,18,55
Congo_2015,2015,Rural,African,19,33,9,40,71,11,7,44,12,48,34,18,53
Congo_2016,2016,Rural,African,20,33,9,39,72,10,7,45,11,48,34,18,51
Congo_2017,2017,Rural,African,20,34,9,37,73,10,6,45,10,48,34,18,49
Congo_2018,2018,Rural,African,20,34,9,37,73,10,6,46,10,48,34,18,48
Costa Rica_2005,2005,Rural,Americas,95,2,1,3,96,0,2,78,1,83,10,6,11
Costa Rica_2006,2006,Rural,Americas,95,2,1,3,97,0,2,78,1,83,10,6,11
Costa Rica_2007,2007,Rural,Americas,95,2,1,3,97,0,1,79,1,83,10,6,11
Costa Rica_2008,2008,Rural,Americas,95,2,0,3,97,0,1,79,1,83,10,6,11
Costa Rica_2009,2009,Rural,Americas,96,1,0,2,98,0,1,79,1,83,10,6,11
Costa Rica_2010,2010,Rural,Americas,96,1,0,2,98,0,1,79,1,84,10,6,11
Costa Rica_2011,2011,Rural,Americas,96,1,0,2,98,0,1,79,1,84,10,6,10
Costa Rica_2012,2012,Rural,Americas,96,1,0,2,99,0,1,80,1,84,10,6,10
Costa Rica_2013,2013,Rural,Americas,97,1,0,2,99,0,0,80,0,84,10,6,10
Costa Rica_2014,2014,Rural,Americas,97,1,0,2,99,0,0,80,0,85,10,6,9
Costa Rica_2015,2015,Rural,Americas,97,1,0,2,99,0,0,80,0,85,10,5,9
Costa Rica_2016,2016,Rural,Americas,97,1,0,2,99,0,0,80,0,85,10,5,9
Costa Rica_2017,2017,Rural,Americas,97,1,0,1,100,0,0,80,0,85,10,5,9
Costa Rica_2018,2018,Rural,Americas,98,1,0,1,100,0,0,81,0,85,10,5,8
Côte d'Ivoire_2006,2006,Rural,African,25,21,32,22,71,8,5,24,15,15,36,49,118
Côte d'Ivoire_2007,2007,Rural,African,25,21,31,22,71,8,5,24,15,15,36,49,114
Côte d'Ivoire_2008,2008,Rural,African,26,22,31,21,72,8,5,24,15,15,36,49,110
Côte d'Ivoire_2009,2009,Rural,African,27,22,30,21,72,8,5,25,15,15,36,49,106
Côte d'Ivoire_2010,2010,Rural,African,28,23,29,21,72,8,5,25,14,15,36,49,102
Côte d'Ivoire_2011,2011,Rural,African,28,23,28,20,72,8,5,25,14,16,36,48,99
Côte d'Ivoire_2012,2012,Rural,African,29,23,28,20,72,8,5,29,14,16,37,47,96
Côte d'Ivoire_2013,2013,Rural,African,30,24,27,19,72,8,5,32,14,17,37,46,93
Côte d'Ivoire_2014,2014,Rural,African,31,24,26,19,72,8,5,33,14,18,37,46,89
Côte d'Ivoire_2015,2015,Rural,African,31,25,26,18,72,8,5,35,14,18,37,45,86
Côte d'Ivoire_2016,2016,Rural,African,32,25,25,18,72,8,5,37,14,19,37,44,84
Côte d'Ivoire_2017,2017,Rural,African,33,25,24,17,72,8,5,39,14,20,37,43,81
Côte d'Ivoire_2018,2018,Rural,African,34,26,24,17,72,8,5,40,14,20,37,43,79
Democratic Republic of the Congo_2014,2014,Rural,African,18,20,12,51,36,17,11,12,36,19,38,43,99
Democratic Republic of the Congo_2015,2015,Rural,African,18,19,12,51,36,18,10,12,35,19,38,43,96
Democratic Republic of the Congo_2016,2016,Rural,African,17,19,12,52,36,19,10,12,35,19,38,43,92
Democratic Republic of the Congo_2017,2017,Rural,African,17,19,12,52,36,20,9,12,35,19,38,43,90
Democratic Republic of the Congo_2018,2018,Rural,African,17,18,12,53,36,20,9,11,35,19,38,43,87
Dominican Republic_2008,2008,Rural,Americas,81,12,4,3,94,2,2,43,2,53,15,32,35
Dominican Republic_2009,2009,Rural,Americas,82,12,4,3,94,2,2,43,2,53,16,32,35
Dominican Republic_2010,2010,Rural,Americas,83,11,3,3,94,2,2,44,2,53,16,31,35
Dominican Republic_2011,2011,Rural,Americas,83,11,3,3,94,2,2,44,2,53,16,31,35
Dominican Republic_2012,2012,Rural,Americas,84,11,3,2,95,2,2,44,2,54,16,31,35
Dominican Republic_2013,2013,Rural,Americas,84,11,3,2,95,2,2,44,2,53,15,32,35
Dominican Republic_2014,2014,Rural,Americas,85,10,3,2,95,2,2,44,2,52,15,32,35
Dominican Republic_2015,2015,Rural,Americas,85,10,3,2,95,1,2,44,2,52,15,33,35
Dominican Republic_2016,2016,Rural,Americas,86,10,3,2,96,1,2,44,2,51,15,34,35
Dominican Republic_2017,2017,Rural,Americas,86,9,2,2,96,1,2,44,1,51,15,35,35
Dominican Republic_2018,2018,Rural,Americas,87,9,2,2,96,1,2,45,1,50,15,35,35
Ecuador_2010,2010,Rural,Americas,80,10,7,3,90,0,5,63,5,87,10,3,19
Ecuador_2011,2011,Rural,Americas,81,9,6,3,90,0,5,64,4,87,10,3,18
Ecuador_2012,2012,Rural,Americas,83,9,6,3,91,0,5,64,4,87,10,3,17
Ecuador_2013,2013,Rural,Americas,84,9,5,2,92,0,4,64,4,87,10,3,17
Ecuador_2014,2014,Rural,Americas,85,9,5,2,92,0,4,65,3,87,10,3,16
Ecuador_2015,2015,Rural,Americas,86,8,4,2,93,0,4,65,3,87,10,3,15
Ecuador_2016,2016,Rural,Americas,87,8,3,1,94,0,3,66,3,87,9,3,15
Ecuador_2017,2017,Rural,Americas,88,8,3,1,94,0,3,66,3,87,9,3,14
Ecuador_2018,2018,Rural,Americas,89,8,2,1,95,0,3,66,3,87,9,3,14
Ethiopia_2010,2010,Rural,African,6,6,48,41,34,17,19,8,30,7,53,39,82
Ethiopia_2011,2011,Rural,African,6,6,45,43,36,18,18,8,29,8,53,39,78
Ethiopia_2012,2012,Rural,African,7,6,42,45,37,19,17,9,28,8,53,39,74
Ethiopia_2013,2013,Rural,African,7,6,39,48,39,19,15,9,27,8,53,39,70
Ethiopia_2014,2014,Rural,African,7,7,36,50,40,20,14,9,25,8,53,39,66
Ethiopia_2015,2015,Rural,African,7,7,34,52,42,21,13,10,24,8,54,39,63
Ethiopia_2016,2016,Rural,African,8,7,31,54,43,22,12,10,23,8,54,39,60
Ethiopia_2017,2017,Rural,African,8,7,28,56,44,23,10,11,22,8,54,38,57
Ethiopia_2018,2018,Rural,African,8,8,26,58,46,24,9,11,21,8,54,38,54
Fiji_2017,2017,Rural,Western Pacific,93,5,0,1,95,1,2,41,2,86,11,2,23
Fiji_2018,2018,Rural,Western Pacific,93,6,0,1,95,1,2,41,2,86,11,2,24
Gambia_2012,2012,Rural,African,46,24,2,28,80,8,0,38,12,13,79,9,67
Gambia_2013,2013,Rural,African,46,23,2,29,80,8,0,39,12,13,79,9,65
Gambia_2014,2014,Rural,African,47,21,2,30,81,8,0,41,11,13,79,9,62
Gambia_2015,2015,Rural,African,47,20,1,32,82,8,0,42,11,13,79,9,59
Gambia_2016,2016,Rural,African,47,19,1,33,82,7,0,44,10,13,79,9,57
Gambia_2017,2017,Rural,African,47,18,1,34,83,7,0,45,10,13,79,9,55
Gambia_2018,2018,Rural,African,47,17,1,36,83,7,0,45,10,13,78,9,53
Georgia_2014,2014,Rural,European,87,2,0,11,93,3,0,67,3,92,7,1,11
Georgia_2015,2015,Rural,European,87,2,0,11,93,3,0,67,3,92,7,1,10
Georgia_2016,2016,Rural,European,87,1,0,12,94,3,0,68,3,92,7,1,10
Georgia_2017,2017,Rural,European,87,1,0,12,94,3,0,68,3,92,7,1,10
Georgia_2018,2018,Rural,European,87,1,0,12,94,3,0,68,3,92,7,1,10
Ghana_2011,2011,Rural,African,16,49,19,16,77,8,10,26,5,41,37,22,67
Ghana_2012,2012,Rural,African,17,49,19,15,78,8,9,28,5,41,37,22,63
Ghana_2013,2013,Rural,African,18,49,19,14,79,8,9,30,4,41,37,22,60
Ghana_2014,2014,Rural,African,19,48,18,14,80,8,8,32,4,41,37,22,58
Ghana_2015,2015,Rural,African,20,48,18,13,81,8,8,33,4,41,37,22,55
Ghana_2016,2016,Rural,African,22,48,18,13,82,7,7,35,3,41,37,22,53
Ghana_2017,2017,Rural,African,23,47,18,12,83,7,7,37,3,41,37,22,51
Ghana_2018,2018,Rural,African,24,47,18,12,84,7,6,39,3,41,37,22,49
Guatemala_2011,2011,Rural,Americas,66,8,7,19,91,1,2,52,6,76,21,3,33
Guatemala_2012,2012,Rural,Americas,66,8,6,19,91,1,2,53,6,76,21,3,32
Guatemala_2013,2013,Rural,Americas,66,9,6,19,91,1,2,53,5,76,21,3,31
Guatemala_2014,2014,Rural,Americas,67,9,5,19,92,1,2,54,5,77,21,3,29
Guatemala_2015,2015,Rural,Americas,67,9,5,19,92,1,2,54,5,77,21,3,28
Guatemala_2016,2016,Rural,Americas,67,10,4,19,92,1,2,55,5,77,21,3,27
Guatemala_2017,2017,Rural,Americas,68,10,4,19,93,1,2,55,4,77,21,3,26
Guatemala_2018,2018,Rural,Americas,68,10,3,19,93,1,2,55,4,77,21,3,25
Guinea-Bissau_2004,2004,Rural,African,7,6,31,57,57,4,2,19,36,1,0,99,151
Guinea-Bissau_2005,2005,Rural,African,8,7,29,56,57,5,2,19,36,1,0,99,145
Guinea-Bissau_2006,2006,Rural,African,9,8,28,56,58,5,2,20,35,1,0,99,139
Guinea-Bissau_2007,2007,Rural,African,10,8,27,55,58,6,2,20,34,1,0,99,132
Guinea-Bissau_2008,2008,Rural,African,11,9,25,55,59,6,2,20,33,1,0,99,126
Guinea-Bissau_2009,2009,Rural,African,12,10,24,54,59,7,2,20,32,1,1,97,120
Guinea-Bissau_2010,2010,Rural,African,13,10,22,54,59,8,2,21,32,3,2,95,114
Guinea-Bissau_2011,2011,Rural,African,15,11,21,53,59,8,2,21,31,4,3,92,109
Guinea-Bissau_2012,2012,Rural,African,16,12,20,52,60,9,2,21,30,6,4,90,104
Guinea-Bissau_2013,2013,Rural,African,17,13,18,52,60,9,2,22,29,7,6,87,100
Guinea-Bissau_2014,2014,Rural,African,18,13,17,51,60,10,1,22,28,9,7,84,96
Guinea-Bissau_2015,2015,Rural,African,20,14,16,51,61,11,1,22,27,10,8,82,92
Guinea-Bissau_2016,2016,Rural,African,21,15,15,50,61,11,1,22,27,12,9,79,89
Guinea-Bissau_2017,2017,Rural,African,22,15,13,49,61,12,1,23,26,14,10,77,86
Guinea-Bissau_2018,2018,Rural,African,24,16,12,48,61,13,1,23,25,15,11,74,83
Honduras_2006,2006,Rural,Americas,70,7,14,8,89,0,2,48,9,83,10,7,29
Honduras_2007,2007,Rural,Americas,71,7,13,8,89,0,2,49,9,84,10,7,28
Honduras_2008,2008,Rural,Americas,72,8,13,8,90,0,2,51,8,84,10,7,26
Honduras_2009,2009,Rural,Americas,73,8,12,7,90,0,1,52,8,84,9,7,25
Honduras_2010,2010,Rural,Americas,74,8,11,7,91,1,1,54,8,84,9,7,25
Honduras_2011,2011,Rural,Americas,75,8,11,7,91,1,1,56,7,84,10,6,24
Honduras_2012,2012,Rural,Americas,76,8,10,6,92,1,1,57,7,84,10,6,23
Honduras_2013,2013,Rural,Americas,77,8,9,6,92,1,1,59,7,84,11,5,22
Honduras_2014,2014,Rural,Americas,78,8,9,5,92,1,1,61,6,84,11,4,21
Honduras_2015,2015,Rural,Americas,79,8,8,5,93,1,1,62,6,84,12,4,20
Honduras_2016,2016,Rural,Americas,79,8,8,5,93,1,0,63,5,85,12,3,20
Honduras_2017,2017,Rural,Americas,80,8,7,4,94,1,0,63,5,85,13,3,19
Honduras_2018,2018,Rural,Americas,81,9,6,4,94,1,0,64,5,85,13,2,18
Indonesia_2006,2006,Rural,South-East Asia,53,13,24,10,81,1,3,26,15,75,1,24,40
Indonesia_2007,2007,Rural,South-East Asia,55,13,22,10,82,1,3,26,15,75,1,24,38
Indonesia_2008,2008,Rural,South-East Asia,57,13,21,9,83,1,3,26,14,75,1,24,37
Indonesia_2009,2009,Rural,South-East Asia,60,12,20,8,84,1,2,26,13,76,1,24,35
Indonesia_2010,2010,Rural,South-East Asia,62,12,18,8,85,1,2,27,12,76,1,24,34
Indonesia_2011,2011,Rural,South-East Asia,64,12,17,7,85,1,2,27,12,76,3,21,32
Indonesia_2012,2012,Rural,South-East Asia,66,11,16,7,86,1,2,27,11,76,5,18,31
Indonesia_2013,2013,Rural,South-East Asia,68,11,15,6,87,1,2,28,10,77,8,15,30
Indonesia_2014,2014,Rural,South-East Asia,71,10,13,5,88,1,2,28,10,77,10,13,29
Indonesia_2015,2015,Rural,South-East Asia,73,10,12,5,89,1,2,28,9,77,13,10,28
Indonesia_2016,2016,Rural,South-East Asia,75,9,11,4,89,1,2,29,8,78,15,7,26
Indonesia_2017,2017,Rural,South-East Asia,78,9,10,4,90,1,1,29,8,78,17,5,25
Indonesia_2018,2018,Rural,South-East Asia,80,8,9,3,91,1,1,29,7,78,20,2,25
Iraq_2005,2005,Rural,Eastern Mediterranean,74,14,3,8,85,1,8,53,5,89,4,7,40
Iraq_2006,2006,Rural,Eastern Mediterranean,76,13,3,8,86,1,8,53,5,89,4,7,39
Iraq_2007,2007,Rural,Eastern Mediterranean,78,12,3,7,87,1,7,54,4,89,4,7,38
Iraq_2008,2008,Rural,Eastern Mediterranean,80,11,2,7,88,1,7,54,4,90,4,7,37
Iraq_2009,2009,Rural,Eastern Mediterranean,81,10,2,7,89,1,6,54,4,90,4,7,36
Iraq_2010,2010,Rural,Eastern Mediterranean,83,9,2,6,90,1,6,55,3,90,4,6,35
Iraq_2011,2011,Rural,Eastern Mediterranean,85,8,1,6,91,1,5,55,3,91,4,5,34
Iraq_2012,2012,Rural,Eastern Mediterranean,86,7,1,5,92,1,5,56,3,92,4,5,33
Iraq_2013,2013,Rural,Eastern Mediterranean,88,6,1,5,92,1,4,56,2,92,4,4,32
Iraq_2014,2014,Rural,Eastern Mediterranean,90,5,1,5,93,1,3,57,2,93,3,3,31
Iraq_2015,2015,Rural,Eastern Mediterranean,92,3,0,4,94,1,3,57,2,94,3,3,30
Iraq_2016,2016,Rural,Eastern Mediterranean,94,2,0,4,95,1,2,58,1,95,3,2,29
Iraq_2017,2017,Rural,Eastern Mediterranean,95,1,0,3,96,1,2,58,1,95,3,2,28
Iraq_2018,2018,Rural,Eastern Mediterranean,97,0,0,3,97,1,2,59,1,96,3,1,27
Kiribati_2015,2015,Rural,Western Pacific,43,12,36,9,71,2,0,13,26,55,31,14,59
Kiribati_2016,2016,Rural,Western Pacific,43,13,36,8,72,3,0,13,25,55,31,14,60
Kiribati_2017,2017,Rural,Western Pacific,43,14,35,8,73,3,0,13,25,55,31,14,60
Kiribati_2018,2018,Rural,Western Pacific,44,14,35,7,73,3,0,14,24,55,31,14,60
Kyrgyzstan_2006,2006,Rural,European,94,3,0,3,83,1,12,50,4,84,14,3,38
Kyrgyzstan_2007,2007,Rural,European,94,3,0,2,84,1,12,52,4,84,14,3,36
Kyrgyzstan_2008,2008,Rural,European,95,3,0,2,84,1,11,54,3,84,14,3,34
Kyrgyzstan_2009,2009,Rural,European,95,3,0,2,85,1,11,56,3,84,14,3,32
Kyrgyzstan_2010,2010,Rural,European,95,3,0,2,85,2,10,58,3,84,14,3,30
Kyrgyzstan_2011,2011,Rural,European,96,3,0,1,86,2,10,60,3,85,12,2,28
Kyrgyzstan_2012,2012,Rural,European,96,3,0,1,86,2,9,62,3,87,11,2,26
Kyrgyzstan_2013,2013,Rural,European,96,3,0,1,87,2,9,63,3,89,10,2,25
Kyrgyzstan_2014,2014,Rural,European,97,3,0,1,87,2,8,65,2,90,8,1,23
Kyrgyzstan_2015,2015,Rural,European,97,3,0,0,88,2,8,67,2,92,7,1,22
Kyrgyzstan_2016,2016,Rural,European,97,2,0,0,89,2,7,69,2,93,6,1,21
Kyrgyzstan_2017,2017,Rural,European,98,2,0,0,89,2,6,71,2,95,4,1,20
Kyrgyzstan_2018,2018,Rural,European,98,2,0,0,89,3,6,72,2,97,3,0,19
Lao People's Democratic Republic_2013,2013,Rural,Western Pacific,64,2,30,4,74,3,8,15,16,54,36,10,58
Lao People's Democratic Republic_2014,2014,Rural,Western Pacific,67,2,27,3,76,3,6,15,15,55,35,10,56
Lao People's Democratic Republic_2015,2015,Rural,Western Pacific,69,3,25,3,77,3,5,16,14,55,35,10,53
Lao People's Democratic Republic_2016,2016,Rural,Western Pacific,72,3,23,3,80,3,4,16,13,55,35,10,51
Lao People's Democratic Republic_2017,2017,Rural,Western Pacific,74,3,21,2,81,3,3,17,12,55,35,10,49
Lao People's Democratic Republic_2018,2018,Rural,Western Pacific,77,3,18,2,83,3,2,17,12,55,35,10,47
Lesotho_2008,2008,Rural,African,26,10,35,29,69,11,2,16,18,5,43,52,110
Lesotho_2009,2009,Rural,African,28,11,33,28,69,11,3,17,17,5,43,52,100
Lesotho_2010,2010,Rural,African,30,12,32,26,69,11,3,18,16,5,43,51,91
Lesotho_2011,2011,Rural,African,33,13,30,25,70,11,3,19,16,5,43,51,88
Lesotho_2012,2012,Rural,African,35,13,29,23,70,11,3,20,15,5,43,51,85
Lesotho_2013,2013,Rural,African,37,14,27,22,71,11,4,21,15,5,43,51,84
Lesotho_2014,2014,Rural,African,39,15,26,20,71,11,4,22,14,5,43,51,83
Lesotho_2015,2015,Rural,African,41,16,25,19,71,11,4,23,14,5,43,51,82
Lesotho_2016,2016,Rural,African,43,17,23,17,72,11,4,24,13,5,43,51,78
Lesotho_2017,2017,Rural,African,45,18,22,16,72,11,5,25,13,5,43,51,76
Lesotho_2018,2018,Rural,African,47,19,20,14,72,11,5,26,12,5,43,51,77
Madagascar_2000,2000,Rural,African,4,6,42,49,37,2,37,7,24,24,40,36,105
Madagascar_2001,2001,Rural,African,4,6,41,48,38,2,36,7,24,24,40,36,100
Madagascar_2002,2002,Rural,African,5,7,41,47,38,2,35,8,25,24,40,36,96
Madagascar_2003,2003,Rural,African,5,8,41,46,39,2,34,9,25,24,41,35,92
Madagascar_2004,2004,Rural,African,6,8,41,45,39,2,33,9,25,24,42,34,88
Madagascar_2005,2005,Rural,African,6,9,40,45,40,2,32,10,26,24,43,33,84
Madagascar_2006,2006,Rural,African,7,10,40,44,41,2,30,11,26,24,44,32,81
Madagascar_2007,2007,Rural,African,7,11,39,43,42,3,29,11,27,24,45,32,78
Madagascar_2008,2008,Rural,African,8,11,39,42,43,3,28,12,27,24,46,31,75
Madagascar_2009,2009,Rural,African,8,12,39,41,43,3,27,13,27,24,47,30,73
Madagascar_2010,2010,Rural,African,9,13,38,40,44,3,25,14,28,24,48,29,71
Madagascar_2011,2011,Rural,African,9,13,38,40,45,3,24,14,28,24,48,28,69
Madagascar_2012,2012,Rural,African,10,14,37,39,46,3,23,15,28,24,49,27,68
Madagascar_2013,2013,Rural,African,10,15,37,38,47,3,22,16,28,24,50,26,67
Madagascar_2014,2014,Rural,African,11,16,37,37,47,3,21,17,29,24,51,25,66
Madagascar_2015,2015,Rural,African,11,16,36,36,48,4,19,17,29,24,52,24,66
Madagascar_2016,2016,Rural,African,12,17,36,35,49,4,18,18,29,24,53,23,66
Madagascar_2017,2017,Rural,African,12,18,36,34,50,4,17,19,29,24,54,22,66
Madagascar_2018,2018,Rural,African,13,19,35,33,50,4,16,19,30,24,55,22,66
Malawi_2000,2000,Rural,African,9,5,15,71,54,14,8,7,24,15,76,9,173
Malawi_2001,2001,Rural,African,9,5,14,71,55,14,7,7,24,15,75,9,160
Malawi_2002,2002,Rural,African,9,5,14,72,56,15,7,8,23,15,75,10,146
Malawi_2003,2003,Rural,African,9,5,13,72,56,15,7,8,22,15,74,11,132
Malawi_2004,2004,Rural,African,9,5,13,73,57,15,7,8,21,15,73,11,120
Malawi_2005,2005,Rural,African,12,6,12,70,58,16,6,9,20,15,73,12,110
Malawi_2006,2006,Rural,African,14,8,11,67,59,16,6,9,19,15,72,13,104
Malawi_2007,2007,Rural,African,16,9,11,64,60,16,6,10,18,15,71,13,99
Malawi_2008,2008,Rural,African,18,10,10,61,60,17,6,10,17,15,71,14,93
Malawi_2009,2009,Rural,African,21,11,10,59,61,17,5,11,17,15,70,15,88
Malawi_2010,2010,Rural,African,23,12,9,56,62,17,5,11,16,15,69,15,83
Malawi_2011,2011,Rural,African,25,13,9,53,63,18,5,12,15,15,69,16,77
Malawi_2012,2012,Rural,African,27,14,8,50,64,18,4,12,14,15,68,17,70
Malawi_2013,2013,Rural,African,30,16,8,47,65,18,4,13,13,15,67,17,64
Malawi_2014,2014,Rural,African,32,17,7,44,65,18,4,13,12,15,67,18,60
Malawi_2015,2015,Rural,African,34,18,6,41,66,19,4,14,11,15,66,19,56
Malawi_2016,2016,Rural,African,36,19,6,39,67,19,3,14,10,15,65,19,53
Malawi_2017,2017,Rural,African,38,20,5,36,68,19,3,15,10,15,65,20,50
Malawi_2018,2018,Rural,African,41,22,5,33,69,20,3,15,9,15,64,21,48
Mongolia_2004,2004,Rural,Western Pacific,48,30,16,6,68,7,15,22,11,59,1,39,45
Mongolia_2005,2005,Rural,Western Pacific,49,30,15,5,69,7,14,23,10,60,1,39,41
Mongolia_2006,2006,Rural,Western Pacific,51,30,14,5,70,7,13,24,10,60,2,38,37
Mongolia_2007,2007,Rural,Western Pacific,52,29,13,5,72,7,12,25,9,61,2,38,34
Mongolia_2008,2008,Rural,Western Pacific,54,29,12,5,73,7,12,26,9,61,2,37,31
Mongolia_2009,2009,Rural,Western Pacific,55,28,12,5,74,7,11,28,8,64,3,33,29
Mongolia_2010,2010,Rural,Western Pacific,57,28,11,5,75,7,10,29,8,66,5,29,26
Mongolia_2011,2011,Rural,Western Pacific,58,27,10,4,76,7,10,30,8,68,6,26,24
Mongolia_2012,2012,Rural,Western Pacific,59,27,10,4,77,7,9,30,7,70,8,22,23
Mongolia_2013,2013,Rural,Western Pacific,60,26,9,4,77,7,9,31,7,72,9,19,22
Mongolia_2014,2014,Rural,Western Pacific,62,26,9,4,78,7,8,32,7,74,11,15,20
Mongolia_2015,2015,Rural,Western Pacific,63,25,8,4,79,7,8,33,6,76,12,12,19
Mongolia_2016,2016,Rural,Western Pacific,64,24,8,4,79,7,8,34,6,78,13,8,18
Mongolia_2017,2017,Rural,Western Pacific,65,24,7,4,80,7,7,35,6,80,15,5,17
Mongolia_2018,2018,Rural,Western Pacific,67,23,7,4,81,7,7,36,6,82,16,1,16
Myanmar_2010,2010,Rural,South-East Asia,69,10,9,12,63,11,14,43,12,74,20,5,63
Myanmar_2011,2011,Rural,South-East Asia,69,10,8,12,65,10,13,45,11,74,20,5,61
Myanmar_2012,2012,Rural,South-East Asia,70,11,8,11,67,9,13,46,11,74,20,5,58
Myanmar_2013,2013,Rural,South-East Asia,70,11,8,11,68,9,13,47,10,74,20,5,56
Myanmar_2014,2014,Rural,South-East Asia,71,11,8,10,70,8,13,49,10,74,20,5,53
Myanmar_2015,2015,Rural,South-East Asia,71,11,8,10,72,7,12,50,9,74,20,5,51
Myanmar_2016,2016,Rural,South-East Asia,72,11,8,10,74,6,12,51,9,74,20,5,49
Myanmar_2017,2017,Rural,South-East Asia,72,11,7,9,75,5,12,53,8,74,20,5,48
Myanmar_2018,2018,Rural,South-East Asia,73,11,7,9,77,4,12,54,7,74,20,5,46
Nepal_2005,2005,Rural,South-East Asia,27,14,54,5,83,2,3,28,13,46,53,0,60
Nepal_2006,2006,Rural,South-East Asia,30,14,51,5,83,2,3,28,12,46,53,0,57
Nepal_2007,2007,Rural,South-East Asia,33,14,48,5,84,2,3,29,12,47,53,0,55
Nepal_2008,2008,Rural,South-East Asia,36,15,45,5,84,2,3,29,11,47,53,0,53
Nepal_2009,2009,Rural,South-East Asia,39,15,42,5,85,2,2,29,10,47,53,0,50
Nepal_2010,2010,Rural,South-East Asia,42,15,39,4,86,2,2,29,10,48,51,1,48
Nepal_2011,2011,Rural,South-East Asia,45,15,36,4,86,3,2,30,9,50,50,1,46
Nepal_2012,2012,Rural,South-East Asia,48,15,33,4,87,3,2,30,9,51,48,1,44
Nepal_2013,2013,Rural,South-East Asia,52,15,30,4,87,3,2,28,8,53,47,1,42
Nepal_2014,2014,Rural,South-East Asia,55,14,27,4,88,3,2,27,7,54,45,1,40
Nepal_2015,2015,Rural,South-East Asia,59,14,24,4,88,3,2,25,7,55,44,1,38
Nepal_2016,2016,Rural,South-East Asia,62,14,21,3,89,3,2,24,6,57,42,1,36
Nepal_2017,2017,Rural,South-East Asia,66,13,18,3,89,4,2,22,6,58,41,1,34
Nepal_2018,2018,Rural,South-East Asia,69,12,15,3,90,4,1,21,5,59,39,1,33
Nigeria_2011,2011,Rural,African,36,22,22,21,62,8,13,22,17,30,31,39,133
Nigeria_2012,2012,Rural,African,36,21,21,21,63,7,13,23,17,30,31,39,131
Nigeria_2013,2013,Rural,African,37,21,21,21,65,7,12,24,16,30,31,39,129
Nigeria_2014,2014,Rural,African,38,20,21,20,67,7,11,24,16,30,31,39,128
Nigeria_2015,2015,Rural,African,39,20,21,20,68,7,10,25,15,30,31,39,126
Nigeria_2016,2016,Rural,African,40,20,20,20,70,6,9,26,15,30,31,39,125
Nigeria_2017,2017,Rural,African,41,19,20,20,71,6,8,26,14,30,31,38,122
Nigeria_2018,2018,Rural,African,42,19,20,20,73,6,8,27,14,31,31,38,120
North Macedonia_2000,2000,Rural,European,89,5,0,6,97,2,0,80,1,100,0,0,16
North Macedonia_2001,2001,Rural,European,89,5,0,6,97,2,0,80,1,100,0,0,15
North Macedonia_2002,2002,Rural,European,89,5,0,6,97,2,0,80,1,100,0,0,15
North Macedonia_2003,2003,Rural,European,89,5,0,6,97,2,0,80,1,100,0,0,14
North Macedonia_2004,2004,Rural,European,89,5,0,6,97,2,0,80,1,100,0,0,14
North Macedonia_2005,2005,Rural,European,89,5,0,6,97,2,0,80,1,100,0,0,14
North Macedonia_2006,2006,Rural,European,90,4,0,5,97,2,0,80,1,100,0,0,13
North Macedonia_2007,2007,Rural,European,90,4,0,5,97,2,0,80,1,100,0,0,12
North Macedonia_2008,2008,Rural,European,91,4,0,5,97,2,0,80,1,100,0,0,12
North Macedonia_2009,2009,Rural,European,92,4,0,4,97,2,0,80,1,100,0,0,11
North Macedonia_2010,2010,Rural,European,92,3,0,4,97,2,0,80,1,100,0,0,10
North Macedonia_2011,2011,Rural,European,93,3,0,4,97,2,0,80,1,100,0,0,10
North Macedonia_2012,2012,Rural,European,93,3,0,3,97,2,0,80,1,100,0,0,10
North Macedonia_2013,2013,Rural,European,94,3,0,3,97,2,0,80,1,100,0,0,11
North Macedonia_2014,2014,Rural,European,95,2,0,3,97,2,0,80,1,100,0,0,11
North Macedonia_2015,2015,Rural,European,95,2,0,2,98,2,0,80,1,100,0,0,11
North Macedonia_2016,2016,Rural,European,96,2,0,2,98,2,0,80,1,100,0,0,11
North Macedonia_2017,2017,Rural,European,97,2,0,2,98,2,0,80,1,100,0,0,10
North Macedonia_2018,2018,Rural,European,97,1,0,1,98,2,0,80,1,100,0,0,8
Pakistan_2007,2007,Rural,Eastern Mediterranean,44,6,27,23,88,3,4,36,4,52,38,10,93
Pakistan_2008,2008,Rural,Eastern Mediterranean,46,6,26,22,88,3,4,36,4,52,38,10,91
Pakistan_2009,2009,Rural,Eastern Mediterranean,48,7,24,22,89,3,3,37,4,52,38,10,89
Pakistan_2010,2010,Rural,Eastern Mediterranean,50,7,23,21,89,4,3,38,4,52,38,10,87
Pakistan_2011,2011,Rural,Eastern Mediterranean,51,7,21,20,89,4,3,39,4,52,38,10,85
Pakistan_2012,2012,Rural,Eastern Mediterranean,53,8,20,19,89,4,3,40,4,55,36,9,83
Pakistan_2013,2013,Rural,Eastern Mediterranean,55,8,19,18,89,4,3,41,4,58,34,8,81
Pakistan_2014,2014,Rural,Eastern Mediterranean,57,8,17,18,89,4,3,42,4,61,31,7,78
Pakistan_2015,2015,Rural,Eastern Mediterranean,58,9,16,17,90,4,2,43,4,64,29,7,76
Pakistan_2016,2016,Rural,Eastern Mediterranean,60,9,15,16,90,4,2,44,4,67,27,6,74
Pakistan_2017,2017,Rural,Eastern Mediterranean,62,9,13,15,90,4,2,45,4,70,25,5,72
Pakistan_2018,2018,Rural,Eastern Mediterranean,64,10,12,15,90,4,2,47,4,73,23,4,69
Paraguay_2012,2012,Rural,Americas,84,3,1,12,92,0,1,60,7,80,18,2,24
Paraguay_2013,2013,Rural,Americas,85,3,1,11,94,0,1,60,6,80,18,2,24
Paraguay_2014,2014,Rural,Americas,86,3,1,10,95,0,0,61,4,80,18,2,23
Paraguay_2015,2015,Rural,Americas,88,3,1,9,96,0,0,62,3,80,18,2,22
Paraguay_2016,2016,Rural,Americas,89,3,1,7,97,0,0,62,2,80,18,2,21
Paraguay_2017,2017,Rural,Americas,90,3,1,6,98,0,0,63,1,80,18,2,21
Paraguay_2018,2018,Rural,Americas,91,3,1,5,100,0,0,64,0,80,18,2,20
Philippines_2011,2011,Rural,Western Pacific,72,16,7,5,90,3,1,45,6,82,12,7,29
Philippines_2012,2012,Rural,Western Pacific,73,15,7,4,91,3,1,46,5,82,12,7,29
Philippines_2013,2013,Rural,Western Pacific,74,15,6,4,91,3,1,46,5,82,12,7,28
Philippines_2014,2014,Rural,Western Pacific,76,14,6,4,92,3,1,46,5,82,12,7,28
Philippines_2015,2015,Rural,Western Pacific,77,14,6,4,92,3,1,46,5,82,12,7,28
Philippines_2016,2016,Rural,Western Pacific,78,13,5,4,92,3,0,47,4,82,12,7,28
Philippines_2017,2017,Rural,Western Pacific,79,13,5,3,93,3,0,47,4,82,12,7,28
Philippines_2018,2018,Rural,Western Pacific,80,12,5,3,93,3,0,47,4,82,12,7,28
Samoa_2016,2016,Rural,Western Pacific,96,3,0,1,93,5,0,62,2,72,26,2,18
Samoa_2017,2017,Rural,Western Pacific,96,3,0,1,94,4,0,62,1,72,26,2,18
Samoa_2018,2018,Rural,Western Pacific,96,2,0,1,95,3,0,62,1,72,26,2,18
Sao Tome and Principe_2008,2008,Rural,African,31,5,60,5,73,15,6,30,5,39,13,49,43
Sao Tome and Principe_2009,2009,Rural,African,32,5,58,5,73,16,6,30,5,38,13,49,39
Sao Tome and Principe_2010,2010,Rural,African,33,5,57,5,74,16,6,31,5,38,13,49,36
Sao Tome and Principe_2011,2011,Rural,African,34,5,56,5,74,16,5,31,4,38,13,49,33
Sao Tome and Principe_2012,2012,Rural,African,36,6,54,4,75,17,5,32,4,38,13,49,30
Sao Tome and Principe_2013,2013,Rural,African,37,6,53,4,75,17,4,32,3,40,13,47,28
Sao Tome and Principe_2014,2014,Rural,African,38,6,51,4,76,18,4,33,3,42,14,44,25
Sao Tome and Principe_2015,2015,Rural,African,40,6,50,4,76,18,4,34,2,44,14,42,23
Sao Tome and Principe_2016,2016,Rural,African,41,6,49,4,76,18,3,34,2,46,15,39,21
Sao Tome and Principe_2017,2017,Rural,African,42,6,47,4,77,19,3,35,1,48,15,37,19
Sao Tome and Principe_2018,2018,Rural,African,44,6,46,4,77,19,3,35,1,51,16,34,18
Senegal_2011,2011,Rural,African,49,14,16,21,73,4,1,23,22,21,21,58,63
Senegal_2012,2012,Rural,African,50,15,15,21,74,4,1,24,21,21,21,58,60
Senegal_2013,2013,Rural,African,51,15,14,20,75,4,1,24,20,21,21,57,57
Senegal_2014,2014,Rural,African,52,15,14,20,77,4,1,24,19,21,21,57,54
Senegal_2015,2015,Rural,African,53,15,13,19,78,4,1,25,18,21,21,57,51
Senegal_2016,2016,Rural,African,54,16,12,18,79,4,0,25,17,22,21,57,48
Senegal_2017,2017,Rural,African,55,16,11,18,80,4,0,25,16,22,21,57,46
Senegal_2018,2018,Rural,African,56,16,11,17,82,3,0,25,15,22,21,57,44
Serbia_2006,2006,Rural,European,96,2,0,2,90,9,0,75,1,98,0,1,8
Serbia_2007,2007,Rural,European,96,2,0,2,90,9,0,75,1,98,0,1,8
Serbia_2008,2008,Rural,European,96,2,0,2,91,9,0,75,1,98,0,1,8
Serbia_2009,2009,Rural,European,96,2,0,2,91,8,0,75,1,98,0,1,8
Serbia_2010,2010,Rural,European,97,1,0,2,91,8,0,75,1,98,0,1,8
Serbia_2011,2011,Rural,European,97,1,0,2,92,8,0,75,1,98,0,1,7
Serbia_2012,2012,Rural,European,97,1,0,2,92,7,0,75,1,98,0,1,7
Serbia_2013,2013,Rural,European,97,1,0,2,93,7,0,75,0,98,0,1,7
Serbia_2014,2014,Rural,European,97,1,0,2,93,6,0,75,0,98,0,1,7
Sierra Leone_2004,2004,Rural,African,9,28,24,39,45,7,33,6,16,11,45,44,202
Sierra Leone_2005,2005,Rural,African,10,28,23,39,46,7,31,6,16,11,45,44,196
Sierra Leone_2006,2006,Rural,African,10,29,23,38,47,7,30,6,16,11,45,44,189
Sierra Leone_2007,2007,Rural,African,11,29,23,37,48,7,29,7,16,11,45,44,182
Sierra Leone_2008,2008,Rural,African,11,30,22,37,49,7,27,7,16,11,45,44,175
Sierra Leone_2009,2009,Rural,African,12,30,22,36,50,7,26,7,16,11,43,46,168
Sierra Leone_2010,2010,Rural,African,13,31,21,35,52,7,25,7,16,12,41,47,161
Sierra Leone_2011,2011,Rural,African,14,31,21,34,53,7,24,7,16,13,38,49,154
Sierra Leone_2012,2012,Rural,African,14,32,20,34,54,7,22,8,16,13,36,51,148
Sierra Leone_2013,2013,Rural,African,15,32,20,33,55,7,21,8,16,14,33,53,142
Sierra Leone_2014,2014,Rural,African,16,32,20,32,56,7,20,8,17,14,31,55,140
Sierra Leone_2015,2015,Rural,African,17,33,19,32,57,7,19,8,17,15,29,57,141
Sierra Leone_2016,2016,Rural,African,17,33,19,31,59,7,18,9,17,15,26,59,126
Sierra Leone_2017,2017,Rural,African,18,33,18,30,60,7,16,9,17,15,24,60,121
Sierra Leone_2018,2018,Rural,African,19,33,18,29,61,7,15,9,17,16,22,62,117
Sri Lanka_2017,2017,Rural,South-East Asia,91,6,1,3,88,2,2,48,8,85,3,11,8
Sri Lanka_2018,2018,Rural,South-East Asia,92,5,1,2,88,2,2,48,8,85,3,11,8
Suriname_2014,2014,Rural,Americas,86,8,3,3,95,1,3,54,1,72,17,11,21
Suriname_2015,2015,Rural,Americas,86,8,3,3,96,1,2,55,1,72,17,11,20
Suriname_2016,2016,Rural,Americas,87,7,3,3,96,1,2,55,1,72,17,11,20
Suriname_2017,2017,Rural,Americas,88,7,2,3,97,1,2,55,1,72,17,11,19
Suriname_2018,2018,Rural,Americas,89,7,2,3,97,1,1,55,1,72,17,11,19
Togo_2004,2004,Rural,African,11,21,58,11,50,4,20,8,25,7,16,77,106
Togo_2005,2005,Rural,African,11,21,57,11,52,4,20,8,24,7,16,77,103
Togo_2006,2006,Rural,African,12,22,56,11,53,5,19,8,24,8,16,77,100
Togo_2007,2007,Rural,African,12,22,55,11,54,5,18,8,23,8,16,77,97
Togo_2008,2008,Rural,African,13,22,54,11,55,5,18,8,22,8,16,76,94
Togo_2009,2009,Rural,African,13,23,53,12,56,5,17,9,22,9,15,76,92
Togo_2010,2010,Rural,African,13,23,52,12,58,5,16,9,21,9,15,76,89
Togo_2011,2011,Rural,African,14,24,51,12,59,5,16,13,20,10,14,76,86
Togo_2012,2012,Rural,African,14,24,50,12,60,5,15,15,20,11,13,76,83
Togo_2013,2013,Rural,African,15,24,49,12,61,5,14,16,19,12,13,75,81
Togo_2014,2014,Rural,African,16,25,48,12,62,5,14,16,18,13,12,75,78
Togo_2015,2015,Rural,African,16,25,47,12,63,6,13,17,18,14,11,75,76
Togo_2016,2016,Rural,African,17,26,46,12,65,6,13,17,17,14,11,75,73
Togo_2017,2017,Rural,African,17,26,44,12,66,6,12,17,17,15,10,74,71
Togo_2018,2018,Rural,African,18,26,43,12,67,6,11,18,16,16,10,74,69
Tonga_2015,2015,Rural,Western Pacific,93,2,0,4,99,1,0,29,1,70,29,2,12
Tonga_2016,2016,Rural,Western Pacific,94,2,0,4,99,1,0,29,1,70,29,2,12
Tonga_2017,2017,Rural,Western Pacific,94,3,0,3,99,1,0,29,0,70,29,2,12
Tonga_2018,2018,Rural,Western Pacific,94,3,0,3,99,1,0,29,0,70,29,2,12
Tunisia_2006,2006,Rural,Eastern Mediterranean,83,7,6,5,91,4,0,73,5,87,8,5,21
Tunisia_2007,2007,Rural,Eastern Mediterranean,84,6,6,4,91,4,0,74,5,87,8,5,20
Tunisia_2008,2008,Rural,Eastern Mediterranean,85,6,5,4,91,4,0,74,5,87,8,5,20
Tunisia_2009,2009,Rural,Eastern Mediterranean,86,6,5,4,92,4,0,74,4,87,8,5,19
Tunisia_2010,2010,Rural,Eastern Mediterranean,87,5,4,4,92,4,0,74,4,87,8,5,19
Tunisia_2011,2011,Rural,Eastern Mediterranean,88,5,4,4,92,4,0,75,4,87,8,5,19
Tunisia_2012,2012,Rural,Eastern Mediterranean,89,5,3,3,93,4,0,75,4,86,8,6,18
Tunisia_2013,2013,Rural,Eastern Mediterranean,90,4,3,3,93,3,0,76,3,86,7,7,18
Tunisia_2014,2014,Rural,Eastern Mediterranean,91,4,2,3,94,3,0,76,3,86,7,7,18
Tunisia_2015,2015,Rural,Eastern Mediterranean,92,4,2,3,94,3,0,76,3,86,6,8,18
Tunisia_2016,2016,Rural,Eastern Mediterranean,93,3,1,2,95,3,0,77,3,85,6,9,17
Tunisia_2017,2017,Rural,Eastern Mediterranean,94,3,1,2,95,2,0,76,2,85,6,9,16
Tunisia_2018,2018,Rural,Eastern Mediterranean,95,2,0,2,96,2,0,75,2,85,5,10,15
Turkmenistan_2000,2000,Rural,European,93,5,1,1,87,2,9,67,2,71,6,23,69
Turkmenistan_2001,2001,Rural,European,93,5,1,1,88,2,9,68,2,73,6,21,65
Turkmenistan_2002,2002,Rural,European,93,5,1,1,88,2,8,69,1,74,6,20,62
Turkmenistan_2003,2003,Rural,European,93,5,0,1,89,2,8,70,1,76,5,19,58
Turkmenistan_2004,2004,Rural,European,93,5,0,1,90,2,7,71,1,78,5,17,55
Turkmenistan_2005,2005,Rural,European,94,5,0,1,91,2,7,73,1,80,4,16,52
Turkmenistan_2006,2006,Rural,European,94,5,0,1,91,2,6,75,1,82,4,14,49
Turkmenistan_2007,2007,Rural,European,94,5,0,1,92,2,5,77,1,83,4,13,47
Turkmenistan_2008,2008,Rural,European,95,4,0,1,93,2,5,78,1,85,3,11,45
Turkmenistan_2009,2009,Rural,European,95,4,0,1,93,1,4,80,1,87,3,10,44
Turkmenistan_2010,2010,Rural,European,95,4,0,1,94,1,4,82,1,89,3,9,43
Turkmenistan_2011,2011,Rural,European,96,3,0,1,95,1,3,84,1,91,2,7,42
Turkmenistan_2012,2012,Rural,European,96,3,0,1,96,1,3,85,0,92,2,6,42
Turkmenistan_2013,2013,Rural,European,97,3,0,1,96,1,2,87,0,94,1,4,42
Turkmenistan_2014,2014,Rural,European,97,2,0,0,97,1,2,89,0,96,1,3,42
Turkmenistan_2015,2015,Rural,European,97,2,0,0,98,1,1,91,0,98,1,2,42
Turkmenistan_2016,2016,Rural,European,98,2,0,0,98,1,1,92,0,99,0,0,43
Turkmenistan_2017,2017,Rural,European,98,1,0,0,99,1,0,94,0,100,0,0,43
Turkmenistan_2018,2018,Rural,European,99,1,0,0,99,1,0,95,0,100,0,0,43
Tuvalu_2016,2016,Rural,Western Pacific,83,10,4,2,99,0,0,8,0,94,5,1,25
Tuvalu_2017,2017,Rural,Western Pacific,83,10,4,2,99,0,0,8,0,94,5,1,24
Tuvalu_2018,2018,Rural,Western Pacific,83,11,4,2,99,0,0,9,0,94,5,1,23
Uganda_2000,2000,Rural,African,16,12,14,57,26,35,14,2,25,2,20,78,146
Uganda_2001,2001,Rural,African,17,12,14,57,28,35,14,3,24,3,21,76,139
Uganda_2002,2002,Rural,African,17,13,13,57,29,35,13,3,23,4,22,74,131
Uganda_2003,2003,Rural,African,17,13,13,57,30,34,13,4,23,5,23,72,123
Uganda_2004,2004,Rural,African,17,13,12,57,32,34,12,4,22,7,24,70,115
Uganda_2005,2005,Rural,African,17,13,12,57,33,34,12,5,21,8,25,67,107
Uganda_2006,2006,Rural,African,18,14,11,58,34,34,11,6,21,9,26,65,100
Uganda_2007,2007,Rural,African,18,14,11,58,36,33,11,6,20,10,26,63,93
Uganda_2008,2008,Rural,African,18,14,10,58,37,33,10,7,20,12,27,61,87
Uganda_2009,2009,Rural,African,18,14,10,58,39,32,10,8,19,13,28,59,82
Uganda_2010,2010,Rural,African,19,15,9,58,40,32,9,8,18,14,29,57,76
Uganda_2011,2011,Rural,African,19,15,9,58,42,32,9,9,18,16,30,54,71
Uganda_2012,2012,Rural,African,19,15,8,58,43,31,9,10,17,17,31,52,67
Uganda_2013,2013,Rural,African,19,15,8,58,45,31,8,11,16,18,32,50,62
Uganda_2014,2014,Rural,African,19,15,7,58,46,30,8,11,16,20,33,48,59
Uganda_2015,2015,Rural,African,20,16,7,58,48,29,7,12,15,21,33,46,56
Uganda_2016,2016,Rural,African,20,16,6,58,49,29,7,13,15,22,34,43,53
Uganda_2017,2017,Rural,African,20,16,6,58,51,28,7,14,14,24,35,41,50
Uganda_2018,2018,Rural,African,20,16,6,58,53,28,6,15,14,25,36,39,48
United Republic of Tanzania_2010,2010,Rural,African,19,9,9,63,43,11,15,8,30,27,64,9,69
United Republic of Tanzania_2011,2011,Rural,African,20,10,9,62,45,12,15,8,28,27,64,9,65
United Republic of Tanzania_2012,2012,Rural,African,21,10,9,60,46,12,15,8,27,28,64,9,62
United Republic of Tanzania_2013,2013,Rural,African,22,11,9,58,48,13,14,9,25,28,64,9,59
United Republic of Tanzania_2014,2014,Rural,African,23,12,8,56,49,13,14,9,24,28,63,9,57
United Republic of Tanzania_2015,2015,Rural,African,24,13,8,54,51,13,14,9,22,28,63,9,55
United Republic of Tanzania_2016,2016,Rural,African,26,14,8,52,52,14,14,9,20,28,63,9,52
United Republic of Tanzania_2017,2017,Rural,African,27,15,8,50,54,14,13,10,19,28,63,9,50
United Republic of Tanzania_2018,2018,Rural,African,28,17,7,48,55,15,13,10,17,28,63,9,48
Uzbekistan_2018,2018,Rural,European,96,2,0,2,95,3,2,76,0,82,0,18,16
Viet Nam_2005,2005,Rural,Western Pacific,60,4,13,24,85,1,6,48,8,84,14,2,25
Viet Nam_2006,2006,Rural,Western Pacific,62,4,12,23,86,1,6,49,8,84,14,2,25
Viet Nam_2007,2007,Rural,Western Pacific,63,4,11,22,86,1,5,50,7,84,14,2,24
Viet Nam_2008,2008,Rural,Western Pacific,65,4,10,21,87,1,5,50,7,85,14,2,24
Viet Nam_2009,2009,Rural,Western Pacific,67,4,9,20,88,1,4,51,7,85,14,2,23
Viet Nam_2010,2010,Rural,Western Pacific,69,4,9,19,89,1,4,51,7,85,14,2,23
Viet Nam_2011,2011,Rural,Western Pacific,71,4,8,17,90,1,3,52,6,85,13,2,23
Viet Nam_2012,2012,Rural,Western Pacific,73,3,7,16,90,1,3,52,6,86,13,2,23
Viet Nam_2013,2013,Rural,Western Pacific,75,3,6,15,91,1,3,53,6,86,13,2,22
Viet Nam_2014,2014,Rural,Western Pacific,77,3,5,14,92,1,2,53,5,86,12,2,22
Viet Nam_2015,2015,Rural,Western Pacific,79,3,5,13,93,1,2,54,5,86,12,2,22
Viet Nam_2016,2016,Rural,Western Pacific,81,3,4,12,93,1,1,55,5,87,12,2,22
Viet Nam_2017,2017,Rural,Western Pacific,83,3,3,11,94,1,1,55,5,87,11,2,22
Viet Nam_2018,2018,Rural,Western Pacific,85,3,2,10,95,0,0,56,4,87,11,2,21
Zimbabwe_2009,2009,Rural,African,42,23,26,9,68,10,6,28,15,43,54,3,90
Zimbabwe_2010,2010,Rural,African,41,24,25,10,68,11,6,28,15,43,54,3,85
Zimbabwe_2011,2011,Rural,African,41,24,24,11,67,11,7,28,15,43,54,3,80
Zimbabwe_2012,2012,Rural,African,40,25,24,11,66,11,7,28,16,43,55,3,72
Zimbabwe_2013,2013,Rural,African,39,26,23,12,66,12,7,28,16,43,55,3,66
Zimbabwe_2014,2014,Rural,African,39,26,22,13,65,12,7,27,16,42,55,3,62
Zimbabwe_2015,2015,Rural,African,38,27,22,13,65,12,7,27,16,42,55,3,60
Zimbabwe_2016,2016,Rural,African,38,28,21,14,64,13,7,27,16,42,55,3,57
Zimbabwe_2017,2017,Rural,African,37,28,20,15,64,13,7,27,16,42,55,3,56
Zimbabwe_2018,2018,Rural,African,36,29,19,15,64,14,7,27,16,42,55,3,53
